{"p_loss": [2.1866202354431152, 2.1483592987060547, 2.1034486293792725, 2.069023370742798, 2.04360294342041, 2.0272648334503174, 2.0161564350128174, 2.0066354274749756, 1.999647617340088, 1.9917781352996826, 1.962018370628357, 1.9425667524337769, 1.9310650825500488, 1.928154468536377, 1.9244680404663086, 1.9181854724884033, 1.9166104793548584, 1.9168527126312256, 1.9135373830795288, 1.9097816944122314], "v_loss": [0.30128157138824463, 0.291708767414093, 0.24581310153007507, 0.21056635677814484, 0.18978281319141388, 0.17513702809810638, 0.16817179322242737, 0.1568608582019806, 0.14946280419826508, 0.14776167273521423, 0.10799024999141693, 0.09419390559196472, 0.08929886668920517, 0.0872078612446785, 0.08642148971557617, 0.08705287426710129, 0.08416999876499176, 0.08215125650167465, 0.08063697069883347, 0.07808051258325577], "loss": [2.48790180683136, 2.4400680661201477, 2.3492617309093475, 2.2795897275209427, 2.233385756611824, 2.2024018615484238, 2.1843282282352448, 2.163496285676956, 2.149110421538353, 2.139539808034897, 2.070008620619774, 2.0367606580257416, 2.020363949239254, 2.0153623297810555, 2.0108895301818848, 2.0052383467555046, 2.00078047811985, 1.9990039691329002, 1.9941743537783623, 1.9878622069954872]}