{"p_loss": [3.560636520385742, 3.517270088195801, 3.4719042778015137, 3.4246015548706055, 3.387998104095459, 3.3591012954711914, 3.327179431915283, 3.3033318519592285, 3.283559799194336, 3.2656121253967285, 3.209190845489502, 3.1669304370880127, 3.1321842670440674, 3.110435962677002, 3.0907962322235107, 3.0767996311187744, 3.0655674934387207, 3.0583128929138184, 3.049171209335327, 3.0445218086242676, 3.0395054817199707, 3.0384907722473145, 3.0425541400909424, 3.0405290126800537, 3.0415475368499756], "v_loss": [0.5567938089370728, 0.5431877970695496, 0.5373064875602722, 0.5430750846862793, 0.5461916923522949, 0.5542908310890198, 0.5582007765769958, 0.5596554279327393, 0.564166247844696, 0.556770384311676, 0.527521550655365, 0.4968385100364685, 0.47065258026123047, 0.4587044417858124, 0.4365980327129364, 0.4163004755973816, 0.4018760323524475, 0.3865817189216614, 0.3672475814819336, 0.35376012325286865, 0.335180401802063, 0.328645795583725, 0.322910875082016, 0.31515181064605713, 0.31064504384994507], "loss": [4.117430329322815, 4.06045788526535, 4.009210765361786, 3.9676766395568848, 3.934189796447754, 3.913392126560211, 3.885380208492279, 3.8629872798919678, 3.847726047039032, 3.8223825097084045, 3.736712396144867, 3.663768947124481, 3.602836847305298, 3.5691404044628143, 3.527394264936447, 3.493100106716156, 3.467443525791168, 3.4448946118354797, 3.4164187908172607, 3.3982819318771362, 3.3746858835220337, 3.3671365678310394, 3.3654650151729584, 3.355680823326111, 3.3521925806999207]}