{"p_loss": [3.0118095874786377, 2.9382104873657227, 2.8740031719207764, 2.8329074382781982, 2.8016340732574463, 2.781370162963867, 2.762927293777466, 2.7492282390594482, 2.7400097846984863, 2.7331478595733643, 2.6913015842437744, 2.66981840133667, 2.657761573791504, 2.648918867111206, 2.643350839614868, 2.6376850605010986, 2.631824016571045, 2.626044273376465, 2.620643377304077, 2.614307403564453, 2.607326030731201, 2.6029410362243652, 2.597822904586792, 2.59071946144104, 2.5872230529785156], "v_loss": [0.8217260837554932, 0.7719535231590271, 0.7216057181358337, 0.6890107989311218, 0.6733572483062744, 0.6569176912307739, 0.6346683502197266, 0.6140146851539612, 0.6009102463722229, 0.583779513835907, 0.5364418625831604, 0.47653087973594666, 0.4370057284832001, 0.41071996092796326, 0.3845066726207733, 0.3651838004589081, 0.33851805329322815, 0.32569050788879395, 0.30451205372810364, 0.3030833601951599, 0.26875704526901245, 0.2626921236515045, 0.26060178875923157, 0.25863248109817505, 0.2507477104663849], "loss": [3.833535671234131, 3.7101640105247498, 3.59560889005661, 3.52191823720932, 3.4749913215637207, 3.438287854194641, 3.3975956439971924, 3.3632429242134094, 3.3409200310707092, 3.3169273734092712, 3.227743446826935, 3.1463492810726166, 3.094767302274704, 3.0596388280391693, 3.0278575122356415, 3.0028688609600067, 2.970342069864273, 2.951734781265259, 2.925155431032181, 2.917390763759613, 2.8760830760002136, 2.8656331598758698, 2.8584246933460236, 2.849351942539215, 2.8379707634449005]}